{
  "input_shape": [
    1,
    1,
    224,
    224
  ],
  "color": "grayscale",
  "resize": [
    224,
    224
  ],
  "normalization": "x = (pixel / 255.0 - 0.5) / 0.5",
  "training_range": [
    -1.0,
    1.0
  ],
  "classes": [
    "a_little",
    "good",
    "help",
    "me",
    "name",
    "sign_language",
    "you"
  ],
  "best_epoch": 39,
  "best_val_acc": 0.975609756097561,
  "test_acc": 0.8545454545454545,
  "confusion_matrix": [
    [
      7,
      0,
      0,
      0,
      0,
      0,
      0
    ],
    [
      1,
      7,
      0,
      0,
      0,
      1,
      0
    ],
    [
      0,
      0,
      8,
      0,
      0,
      0,
      0
    ],
    [
      0,
      0,
      0,
      7,
      0,
      0,
      1
    ],
    [
      0,
      0,
      0,
      0,
      7,
      0,
      0
    ],
    [
      1,
      0,
      1,
      0,
      0,
      3,
      1
    ],
    [
      0,
      0,
      0,
      2,
      0,
      0,
      8
    ]
  ]
}